SET statement_timeout = 0;
SET lock_timeout = 0;
SET idle_in_transaction_session_timeout = 0;
SET client_encoding = 'UTF8';
SET standard_conforming_strings = on;
SELECT pg_catalog.set_config('search_path', '', false);
SET check_function_bodies = false;
SET xmloption = content;
SET client_min_messages = warning;
SET row_security = off;
INSERT INTO public."Department" VALUES ('cmm4b27i50000ughv6uo4wb1b', 'NEW_VEHICLE', 'New Vehicle Sales', 2, '2026-02-27 03:01:05.02', '2026-02-27 03:01:05.02');
INSERT INTO public."Department" VALUES ('cmm4b27id0001ughvux91d5qf', 'SERVICE', 'Service Sales', 7, '2026-02-27 03:01:05.02', '2026-02-27 03:01:05.02');
INSERT INTO public."Department" VALUES ('cmm4b27if0003ughvpvx1s99y', 'AL', 'A&L Sales', 6, '2026-02-27 03:01:05.02', '2026-02-27 03:01:05.02');
INSERT INTO public."Department" VALUES ('cmm4b27ix0004ughvejf77zfr', 'OVERALL', 'Financial Performance', 1, '2026-02-27 03:01:05.02', '2026-02-27 03:01:05.02');
INSERT INTO public."Department" VALUES ('cmm4b27j20005ughvz0wbo2ry', 'FI', 'F&I Sales', 4, '2026-02-27 03:01:05.02', '2026-02-27 03:01:05.02');
INSERT INTO public."Department" VALUES ('cmm4b27j30006ughva683w8fz', 'USED_VEHICLE', 'Used Vehicle Sales', 3, '2026-02-27 03:01:05.02', '2026-02-27 03:01:05.02');
INSERT INTO public."Department" VALUES ('cmm4b27id0002ughv3o4b6ci0', 'PA', 'P&A Sales', 5, '2026-02-27 03:01:05.02', '2026-02-27 03:01:05.02');
INSERT INTO public."RulesetType" VALUES ('F', 'Department Income-Type', 'Min/Max thresholds - higher is better', '<Min: Substandard, Min-Max: Good, ≥Max: Excellent', true, '2026-02-27 03:01:05.061', '2026-02-27 03:01:05.061');
INSERT INTO public."RulesetType" VALUES ('ZZZ', 'No Benchmark Scoring', 'Comparison data only', 'N/A', false, '2026-02-27 03:01:05.061', '2026-02-27 03:01:05.061');
INSERT INTO public."RulesetType" VALUES ('D', 'Current Ratio', 'Absolute value ranges', '<0.7: Substandard, 0.7-1.0: Weak, 1.0-2.0: Acceptable, 2.0-2.8: Good, ≥2.8: Substandard', true, '2026-02-27 03:01:05.061', '2026-02-27 03:01:05.061');
INSERT INTO public."RulesetType" VALUES ('E', 'ROA Scoring', 'Simplified ROA thresholds', '<90%: Substandard, 90-120%: Acceptable, ≥120%: Exceptional', true, '2026-02-27 03:01:05.061', '2026-02-27 03:01:05.061');
INSERT INTO public."RulesetType" VALUES ('G', 'Department Expense-Type', 'Min/Max thresholds - lower is better', '<Min: Excellent, Min-Max: Good, ≥Max: Substandard', true, '2026-02-27 03:01:05.061', '2026-02-27 03:01:05.061');
INSERT INTO public."RulesetType" VALUES ('C', 'Market Position', 'Higher % contribution = better', '<90%: Poor, 90-95%: Weak, 95-105%: Acceptable, 105-115%: Good, ≥115%: Great', true, '2026-02-27 03:01:05.061', '2026-02-27 03:01:05.061');
INSERT INTO public."RulesetType" VALUES ('B', 'Overall Expense-Type', 'Lower % of volume class = better', '<90%: Exceptional, 90-95%: Good, 95-105%: Acceptable, 105-115%: Weak, ≥115%: Substandard', true, '2026-02-27 03:01:05.061', '2026-02-27 03:01:05.061');
INSERT INTO public."RulesetType" VALUES ('A', 'Overall Income-Type', 'Higher % of volume class = better', '<93%: Substandard, 93-110%: Acceptable, 110-120%: Great, ≥120%: Exceptional', true, '2026-02-27 03:01:05.061', '2026-02-27 03:01:05.061');
INSERT INTO public."KpiDefinition" VALUES ('cmm4b27jv0008ughvq479ort1', 'OVERALL_NET_SALES', 'Net Sales', 'Overall Dealership Net Sales', 'cmm4b27ix0004ughvejf77zfr', 'ZZZ', 'CURRENCY', true, NULL, NULL, 1, '2026-02-27 03:01:05.083', '2026-02-27 03:01:05.083');
INSERT INTO public."KpiDefinition" VALUES ('cmm4b27k1000aughvjhomuef1', 'OVERALL_GROSS_MARGIN', 'Gross Margin %', 'Overall Dealership Gross Margin %', 'cmm4b27ix0004ughvejf77zfr', 'A', 'PERCENTAGE', true, NULL, NULL, 2, '2026-02-27 03:01:05.09', '2026-02-27 03:01:05.09');
INSERT INTO public."KpiDefinition" VALUES ('cmm4b27k3000cughv0wbknwaa', 'ABC_PRODUCT_GROSS_MARGIN', 'Total ABC Product Gross Margin %', 'Total ABC Product Gross Margin % (Excl. Service Labour)', 'cmm4b27ix0004ughvejf77zfr', 'A', 'PERCENTAGE', true, NULL, NULL, 3, '2026-02-27 03:01:05.092', '2026-02-27 03:01:05.092');
INSERT INTO public."KpiDefinition" VALUES ('cmm4b27k5000eughv0o3itktt', 'EMPLOYEE_WAGES_PCT', 'Employee Wages as % of Sales', 'Employee Wages as a % of Overall Dealership Sales', 'cmm4b27ix0004ughvejf77zfr', 'B', 'PERCENTAGE', false, NULL, NULL, 4, '2026-02-27 03:01:05.094', '2026-02-27 03:01:05.094');
INSERT INTO public."KpiDefinition" VALUES ('cmm4b27k8000gughvuv9cjbp7', 'GM_ADMIN_WAGES_PCT', 'GM & Admin Wages as % of Sales', 'General Management & Admin. Wages as a % of Overall Dealership Sales', 'cmm4b27ix0004ughvejf77zfr', 'B', 'PERCENTAGE', false, NULL, NULL, 5, '2026-02-27 03:01:05.096', '2026-02-27 03:01:05.096');
INSERT INTO public."KpiDefinition" VALUES ('cmm4b27ka000iughvm2rwnqva', 'ADVERTISING_PER_UNIT', 'Advertising $ Per Unit Sold', 'Advertising Dollars Per Unit Sold', 'cmm4b27ix0004ughvejf77zfr', 'ZZZ', 'CURRENCY', false, NULL, NULL, 6, '2026-02-27 03:01:05.098', '2026-02-27 03:01:05.098');
INSERT INTO public."KpiDefinition" VALUES ('cmm4b27ke000kughvgdmpaht5', 'ADVERTISING_PCT_SALES', 'Advertising as % of Net Sales', 'Advertising as a % of Net Sales', 'cmm4b27ix0004ughvejf77zfr', 'ZZZ', 'PERCENTAGE', false, NULL, NULL, 7, '2026-02-27 03:01:05.103', '2026-02-27 03:01:05.103');
INSERT INTO public."KpiDefinition" VALUES ('cmm4b27kg000mughv0j6wxd7c', 'OPERATING_EXPENSES_PCT', 'Operating Expenses as % of Sales', 'Total Operating Expenses as % of Net Sales', 'cmm4b27ix0004ughvejf77zfr', 'ZZZ', 'PERCENTAGE', false, NULL, NULL, 8, '2026-02-27 03:01:05.105', '2026-02-27 03:01:05.105');
INSERT INTO public."KpiDefinition" VALUES ('cmm4b27ki000oughv9f2rw0i8', 'NET_OPERATING_PROFIT', 'Net Operating Profit ($)', 'Net Operating Profit Before Taxes and Non-Operating Income/Expenses ($)', 'cmm4b27ix0004ughvejf77zfr', 'ZZZ', 'CURRENCY', true, NULL, NULL, 9, '2026-02-27 03:01:05.106', '2026-02-27 03:01:05.106');
INSERT INTO public."KpiDefinition" VALUES ('cmm4b27kk000qughvfowhm737', 'NET_OPERATING_PROFIT_PCT', 'Net Operating Profit % (ROS)', 'Net Operating Profit as a % of Net Sales (RETURN ON SALES)', 'cmm4b27ix0004ughvejf77zfr', 'A', 'PERCENTAGE', true, NULL, NULL, 10, '2026-02-27 03:01:05.108', '2026-02-27 03:01:05.108');
INSERT INTO public."KpiDefinition" VALUES ('cmm4b27kl000sughv5oe3c8ca', 'NET_INCOME_AFTER_TAX', 'Net Income After Taxes ($)', 'Net Income (Loss) After Taxes ($)', 'cmm4b27ix0004ughvejf77zfr', 'ZZZ', 'CURRENCY', true, NULL, NULL, 11, '2026-02-27 03:01:05.11', '2026-02-27 03:01:05.11');
INSERT INTO public."KpiDefinition" VALUES ('cmm4b27ko000uughvjocd4zq2', 'NET_INCOME_PCT', 'Net Income as % of Sales', 'Net Income (Loss) After Taxes as % of Sales', 'cmm4b27ix0004ughvejf77zfr', 'ZZZ', 'PERCENTAGE', true, NULL, NULL, 12, '2026-02-27 03:01:05.113', '2026-02-27 03:01:05.113');
INSERT INTO public."KpiDefinition" VALUES ('cmm4b27kq000wughvm8hou70p', 'TOTAL_ABSORPTION', 'Total Absorption', 'Total Absorption', 'cmm4b27ix0004ughvejf77zfr', 'A', 'PERCENTAGE', true, NULL, NULL, 13, '2026-02-27 03:01:05.115', '2026-02-27 03:01:05.115');
INSERT INTO public."KpiDefinition" VALUES ('cmm4b27ks000yughvarmfcpzn', 'CXI_NPS', 'CXI Net Promoter Score', 'CXI Net Promoter Score (NPS)', 'cmm4b27ix0004ughvejf77zfr', 'A', 'SCORE', true, NULL, NULL, 14, '2026-02-27 03:01:05.117', '2026-02-27 03:01:05.117');
INSERT INTO public."KpiDefinition" VALUES ('cmm4b27kv0010ughvf5afoqz2', 'NEW_ABC_CONTRIBUTION_DAT', 'New ABC Sales % Contribution', 'New ABC Sales % Contribution within DAT', 'cmm4b27ix0004ughvejf77zfr', 'C', 'PERCENTAGE', true, NULL, NULL, 15, '2026-02-27 03:01:05.119', '2026-02-27 03:01:05.119');
INSERT INTO public."KpiDefinition" VALUES ('cmm4b27kw0012ughv74o7hrss', 'MARKET_SHARE_601CC', 'Market Share % (601cc+)', 'Total Brand Market Share % within DAT (601cc+)', 'cmm4b27ix0004ughvejf77zfr', 'C', 'PERCENTAGE', true, NULL, NULL, 16, '2026-02-27 03:01:05.121', '2026-02-27 03:01:05.121');
INSERT INTO public."KpiDefinition" VALUES ('cmm4b27ky0014ughvimdbt1zo', 'CURRENT_RATIO', 'Current Ratio', 'Current Ratio', 'cmm4b27ix0004ughvejf77zfr', 'D', 'RATIO', true, NULL, NULL, 17, '2026-02-27 03:01:05.122', '2026-02-27 03:01:05.122');
INSERT INTO public."KpiDefinition" VALUES ('cmm4b27l00016ughv7ehcqb1h', 'DEBT_EQUITY_RATIO', 'Debt/Equity Ratio', 'Debt / Equity Ratio', 'cmm4b27ix0004ughvejf77zfr', 'ZZZ', 'RATIO', false, NULL, NULL, 18, '2026-02-27 03:01:05.124', '2026-02-27 03:01:05.124');
INSERT INTO public."KpiDefinition" VALUES ('cmm4b27l10018ughvh1kyyr0q', 'DEBT_TNW_RATIO', 'Debt to TNW Ratio', 'Debt to TNW Ratio', 'cmm4b27ix0004ughvejf77zfr', 'ZZZ', 'RATIO', false, NULL, NULL, 19, '2026-02-27 03:01:05.126', '2026-02-27 03:01:05.126');
INSERT INTO public."KpiDefinition" VALUES ('cmm4b27l4001aughvcwjme08u', 'ROA', 'Return on Operating Assets (ROA)', 'Return on Operating Assets - YTD (ROA)', 'cmm4b27ix0004ughvejf77zfr', 'E', 'PERCENTAGE', true, NULL, NULL, 20, '2026-02-27 03:01:05.128', '2026-02-27 03:01:05.128');
INSERT INTO public."KpiDefinition" VALUES ('cmm4b27l6001cughvlgaeeag2', 'NEW_ABC_UNITS_SOLD', '# of New ABC Motorcycles Sold', '# of New ABC Motorcycles Sold', 'cmm4b27i50000ughv6uo4wb1b', 'ZZZ', 'NUMBER', true, NULL, NULL, 1, '2026-02-27 03:01:05.13', '2026-02-27 03:01:05.13');
INSERT INTO public."KpiDefinition" VALUES ('cmm4b27l7001eughvln7cfy10', 'NEW_ABC_NET_SALES', 'New ABC Motorcycle Net Sales $', 'New ABC Motorcycle Net Sales $', 'cmm4b27i50000ughv6uo4wb1b', 'ZZZ', 'CURRENCY', true, NULL, NULL, 2, '2026-02-27 03:01:05.132', '2026-02-27 03:01:05.132');
INSERT INTO public."KpiDefinition" VALUES ('cmm4b27la001gughvlqynohuh', 'NEW_ABC_GROSS_MARGIN', 'New ABC MC Gross Margin %', 'New ABC MC Gross Margin %', 'cmm4b27i50000ughv6uo4wb1b', 'F', 'PERCENTAGE', true, 0.13, 0.15, 3, '2026-02-27 03:01:05.135', '2026-02-27 03:01:05.135');
INSERT INTO public."KpiDefinition" VALUES ('cmm4b27lf001iughvmjjgsamj', 'NEW_ABC_AVG_SELLING_PRICE', 'New ABC MC Average Selling Price', 'New ABC MC Average Selling Price', 'cmm4b27i50000ughv6uo4wb1b', 'ZZZ', 'CURRENCY', true, NULL, NULL, 4, '2026-02-27 03:01:05.139', '2026-02-27 03:01:05.139');
INSERT INTO public."KpiDefinition" VALUES ('cmm4b27lg001kughv32xmvmkd', 'ABC1_PERFORMANCE_REWARDS', 'ABC 1 Performance Rewards Earned', 'ABC 1 Performance Rewards Earned', 'cmm4b27i50000ughv6uo4wb1b', 'ZZZ', 'CURRENCY', true, NULL, NULL, 5, '2026-02-27 03:01:05.141', '2026-02-27 03:01:05.141');
INSERT INTO public."KpiDefinition" VALUES ('cmm4b27li001mughv5nsnsyjt', 'NEW_OTHER_UNITS_SOLD', '# of New Other MC/Vehicles Sold', '# of New Other (NON ABC) MC/Vehicles/Units Sold', 'cmm4b27i50000ughv6uo4wb1b', 'ZZZ', 'NUMBER', true, NULL, NULL, 6, '2026-02-27 03:01:05.142', '2026-02-27 03:01:05.142');
INSERT INTO public."KpiDefinition" VALUES ('cmm4b27lk001oughv012q8a2x', 'NEW_OTHER_NET_SALES', 'New Other MC/Vehicles Net Sales $', 'New Other (NON ABC) MC/Vehicles/Units Net Sales $', 'cmm4b27i50000ughv6uo4wb1b', 'ZZZ', 'CURRENCY', true, NULL, NULL, 7, '2026-02-27 03:01:05.144', '2026-02-27 03:01:05.144');
INSERT INTO public."KpiDefinition" VALUES ('cmm4b27ll001qughvhjstt6ac', 'NEW_OTHER_GROSS_MARGIN', 'New Other MC/Vehicles Gross Margin %', 'New Other (NON ABC) MC/Vehicles/Units Gross Margin %', 'cmm4b27i50000ughv6uo4wb1b', 'ZZZ', 'PERCENTAGE', true, NULL, NULL, 8, '2026-02-27 03:01:05.146', '2026-02-27 03:01:05.146');
INSERT INTO public."KpiDefinition" VALUES ('cmm4b27ln001sughvnpq39j00', 'USED_ABC_UNITS_SOLD', '# of Used ABC MC Sold', '# of Used ABC MC Sold', 'cmm4b27j30006ughva683w8fz', 'ZZZ', 'NUMBER', true, NULL, NULL, 1, '2026-02-27 03:01:05.147', '2026-02-27 03:01:05.147');
INSERT INTO public."KpiDefinition" VALUES ('cmm4b27lp001uughvqa4ylxdy', 'USED_ABC_NET_SALES', 'Used ABC MC Net Sales $', 'Used ABC MC Net Sales $', 'cmm4b27j30006ughva683w8fz', 'ZZZ', 'CURRENCY', true, NULL, NULL, 2, '2026-02-27 03:01:05.149', '2026-02-27 03:01:05.149');
INSERT INTO public."KpiDefinition" VALUES ('cmm4b27lq001wughvu4vlolji', 'USED_ABC_GROSS_MARGIN', 'Used ABC Gross Margin %', 'Used ABC Gross Margin %', 'cmm4b27j30006ughva683w8fz', 'F', 'PERCENTAGE', true, 0.11, 0.135, 3, '2026-02-27 03:01:05.151', '2026-02-27 03:01:05.151');
INSERT INTO public."KpiDefinition" VALUES ('cmm4b27ls001yughvr6f1p998', 'USED_ABC_AVG_SELLING_PRICE', 'Used ABC MC Average Selling Price', 'Used ABC MC Average Selling Price', 'cmm4b27j30006ughva683w8fz', 'ZZZ', 'CURRENCY', true, NULL, NULL, 4, '2026-02-27 03:01:05.152', '2026-02-27 03:01:05.152');
INSERT INTO public."KpiDefinition" VALUES ('cmm4b27lt0020ughvsl88n3k7', 'NEW_USED_RATIO_ABC', 'New:Used Ratio (ABC)', 'New:Used Ratio (ABC)', 'cmm4b27j30006ughva683w8fz', 'ZZZ', 'RATIO', true, NULL, NULL, 5, '2026-02-27 03:01:05.154', '2026-02-27 03:01:05.154');
INSERT INTO public."KpiDefinition" VALUES ('cmm4b27lv0022ughvm31i7c89', 'USED_NONABC_UNITS_SOLD', '# of Used NON-ABC MC Sold', '# of Used NON-ABC MC Sold', 'cmm4b27j30006ughva683w8fz', 'ZZZ', 'NUMBER', true, NULL, NULL, 6, '2026-02-27 03:01:05.155', '2026-02-27 03:01:05.155');
INSERT INTO public."KpiDefinition" VALUES ('cmm4b27lw0024ughvvsm1znah', 'USED_NONABC_NET_SALES', 'Used NON-ABC MC Net Sales $', 'Used NON-ABC MC Net Sales $', 'cmm4b27j30006ughva683w8fz', 'ZZZ', 'CURRENCY', true, NULL, NULL, 7, '2026-02-27 03:01:05.157', '2026-02-27 03:01:05.157');
INSERT INTO public."KpiDefinition" VALUES ('cmm4b27ly0026ughvzkr1lz7b', 'USED_NONABC_GROSS_MARGIN', 'Used NON-ABC MC Gross Margin %', 'Used NON-ABC MC Gross Margin %', 'cmm4b27j30006ughva683w8fz', 'ZZZ', 'PERCENTAGE', true, NULL, NULL, 8, '2026-02-27 03:01:05.158', '2026-02-27 03:01:05.158');
INSERT INTO public."KpiDefinition" VALUES ('cmm4b27lz0028ughv968ny9lp', 'TOTAL_USED_UNITS_SOLD', 'Total # of Used MC Sold', 'Total # of Used MC (ABC & NON-ABC) Sold', 'cmm4b27j30006ughva683w8fz', 'ZZZ', 'NUMBER', true, NULL, NULL, 9, '2026-02-27 03:01:05.16', '2026-02-27 03:01:05.16');
INSERT INTO public."KpiDefinition" VALUES ('cmm4b27m1002aughv6un40cb6', 'TOTAL_USED_NET_SALES', 'Total Used MC Net Sales $', 'Total Used MC (ABC & NON-ABC) Net Sales $', 'cmm4b27j30006ughva683w8fz', 'ZZZ', 'CURRENCY', true, NULL, NULL, 10, '2026-02-27 03:01:05.162', '2026-02-27 03:01:05.162');
INSERT INTO public."KpiDefinition" VALUES ('cmm4b27m4002cughv1b09vdfk', 'TOTAL_USED_GROSS_MARGIN', 'Total Used MC Gross Margin %', 'Total Used MC (ABC & NON-ABC) Gross Margin %', 'cmm4b27j30006ughva683w8fz', 'F', 'PERCENTAGE', true, 0.11, 0.135, 11, '2026-02-27 03:01:05.164', '2026-02-27 03:01:05.164');
INSERT INTO public."KpiDefinition" VALUES ('cmm4b27m6002eughv5yhui666', 'FI_TOTAL_SALES', 'Total F&I Sales $', 'Total Finance & Insurance Sales $', 'cmm4b27j20005ughvz0wbo2ry', 'ZZZ', 'CURRENCY', true, NULL, NULL, 1, '2026-02-27 03:01:05.166', '2026-02-27 03:01:05.166');
INSERT INTO public."KpiDefinition" VALUES ('cmm4b27ma002gughvl93fi875', 'FI_GROSS_PROFIT_PTUR', 'F&I Gross Profit PTUR', 'F&I Gross Profit Per Total Units Retailed (PTUR)', 'cmm4b27j20005ughvz0wbo2ry', 'ZZZ', 'CURRENCY', true, NULL, NULL, 2, '2026-02-27 03:01:05.17', '2026-02-27 03:01:05.17');
INSERT INTO public."KpiDefinition" VALUES ('cmm4b27mc002iughvg8dxvadn', 'ABCFS_FI_INCOME_PNUHMR', 'ABCFS F&I Income PNUHMR', 'ABCFS F&I Income Per New & Used ABC MC Retailed (PNUHMR)', 'cmm4b27j20005ughvz0wbo2ry', 'ZZZ', 'CURRENCY', true, NULL, NULL, 3, '2026-02-27 03:01:05.172', '2026-02-27 03:01:05.172');
INSERT INTO public."KpiDefinition" VALUES ('cmm4b27me002kughv2iigqb7w', 'ABCFS_FI_GROSS_PROFIT_PNUHMR', 'ABCFS F&I Gross Profit PNUHMR', 'ABCFS F&I Gross Profit Per New & Used ABC MC Retailed (PNUHMR)', 'cmm4b27j20005ughvz0wbo2ry', 'ZZZ', 'CURRENCY', true, NULL, NULL, 4, '2026-02-27 03:01:05.175', '2026-02-27 03:01:05.175');
INSERT INTO public."KpiDefinition" VALUES ('cmm4b27mh002mughvo3n25xjy', 'ABCFS_ESP_PENETRATION', 'ABCFS ESP Penetration %', 'ABCFS ESP Penetration %', 'cmm4b27j20005ughvz0wbo2ry', 'F', 'PERCENTAGE', true, 0.45, 0.6, 5, '2026-02-27 03:01:05.177', '2026-02-27 03:01:05.177');
INSERT INTO public."KpiDefinition" VALUES ('cmm4b27mj002oughvth1cugpx', 'ABCFS_RETAIL_FINANCE_PENETRATION', 'ABCFS Retail Finance Penetration %', 'ABCFS Retail Finance Product Penetration %', 'cmm4b27j20005ughvz0wbo2ry', 'F', 'PERCENTAGE', true, 0.45, 0.6, 6, '2026-02-27 03:01:05.18', '2026-02-27 03:01:05.18');
INSERT INTO public."KpiDefinition" VALUES ('cmm4b27ml002qughv5nqebn5w', 'LIFE_DISABILITY_PENETRATION', 'Life & Disability Insurance Penetration %', 'Life & Disability Insurance Penetration %', 'cmm4b27j20005ughvz0wbo2ry', 'F', 'PERCENTAGE', true, 0.2, 0.25, 7, '2026-02-27 03:01:05.182', '2026-02-27 03:01:05.182');
INSERT INTO public."KpiDefinition" VALUES ('cmm4b27mn002sughvb9zh0oc8', 'PA_TOTAL_SALES', 'Total P&A Sales', 'Total P&A Sales', 'cmm4b27id0002ughv3o4b6ci0', 'ZZZ', 'CURRENCY', true, NULL, NULL, 1, '2026-02-27 03:01:05.183', '2026-02-27 03:01:05.183');
INSERT INTO public."KpiDefinition" VALUES ('cmm4b27mp002uughvy0b53ruo', 'PA_GROSS_MARGIN', 'P&A Gross Margin %', 'P&A Gross Margin %', 'cmm4b27id0002ughv3o4b6ci0', 'F', 'PERCENTAGE', true, 0.3, 0.4, 2, '2026-02-27 03:01:05.185', '2026-02-27 03:01:05.185');
INSERT INTO public."KpiDefinition" VALUES ('cmm4b27mr002wughvmoyagqs1', 'ABC_PA_TOTAL_SALES', 'ABC P&A Total Sales', 'Total Sales - ABC Parts & Accessories', 'cmm4b27id0002ughv3o4b6ci0', 'ZZZ', 'CURRENCY', true, NULL, NULL, 3, '2026-02-27 03:01:05.187', '2026-02-27 03:01:05.187');
INSERT INTO public."KpiDefinition" VALUES ('cmm4b27ms002yughvllz2f6ld', 'ABC_PA_GROSS_MARGIN', 'ABC P&A Gross Margin %', 'ABC Parts & Accessories Gross Margin %', 'cmm4b27id0002ughv3o4b6ci0', 'F', 'PERCENTAGE', true, 0.31, 0.42, 4, '2026-02-27 03:01:05.189', '2026-02-27 03:01:05.189');
INSERT INTO public."KpiDefinition" VALUES ('cmm4b27mu0030ughv3c8tce2n', 'PA_NET_SALES_PTUR', 'P&A Net Sales PTUR', 'P&A Net Sales Per Total Units Retailed (PTUR)', 'cmm4b27id0002ughv3o4b6ci0', 'ZZZ', 'CURRENCY', true, NULL, NULL, 5, '2026-02-27 03:01:05.19', '2026-02-27 03:01:05.19');
INSERT INTO public."KpiDefinition" VALUES ('cmm4b27mv0032ughv7shqlgif', 'ABC_PA_NET_SALES_PNHMR', 'ABC P&A Net Sales PNHMR', 'ABC P&A Net Sales per New ABC MC Retailed (PNHMR)', 'cmm4b27id0002ughv3o4b6ci0', 'ZZZ', 'CURRENCY', true, NULL, NULL, 6, '2026-02-27 03:01:05.192', '2026-02-27 03:01:05.192');
INSERT INTO public."KpiDefinition" VALUES ('cmm4b27mx0034ughv3m9rvkwl', 'ABC_PA_INVENTORY_TURNS', 'ABC P&A Inventory Turns', 'ABC P&A Inventory Turns', 'cmm4b27id0002ughv3o4b6ci0', 'F', 'RATIO', true, 3, 3.5, 7, '2026-02-27 03:01:05.193', '2026-02-27 03:01:05.193');
INSERT INTO public."KpiDefinition" VALUES ('cmm4b27mz0036ughvozkfo5y0', 'ABC_PA_NONMOVING_INVENTORY', 'ABC P&A Non-Moving Inventory %', 'ABC P&A Non-Moving Inventory %', 'cmm4b27id0002ughv3o4b6ci0', 'G', 'PERCENTAGE', false, 0.15, 0.2, 8, '2026-02-27 03:01:05.195', '2026-02-27 03:01:05.195');
INSERT INTO public."KpiDefinition" VALUES ('cmm4b27n00038ughvgqyg1v6f', 'AL_TOTAL_SALES', 'Total A&L Sales', 'Total A&L Sales', 'cmm4b27if0003ughvpvx1s99y', 'ZZZ', 'CURRENCY', true, NULL, NULL, 1, '2026-02-27 03:01:05.197', '2026-02-27 03:01:05.197');
INSERT INTO public."KpiDefinition" VALUES ('cmm4b27n2003aughvlqyrw52a', 'AL_GROSS_MARGIN', 'A&L Gross Margin %', 'Apparel & Licensing Gross Margin %', 'cmm4b27if0003ughvpvx1s99y', 'F', 'PERCENTAGE', true, 0.31, 0.42, 2, '2026-02-27 03:01:05.198', '2026-02-27 03:01:05.198');
INSERT INTO public."KpiDefinition" VALUES ('cmm4b27n3003cughv303p8v74', 'ABC_AL_TOTAL_SALES', 'ABC A&L Total Sales', 'Total Sales - ABC Apparel & Licensing', 'cmm4b27if0003ughvpvx1s99y', 'ZZZ', 'CURRENCY', true, NULL, NULL, 3, '2026-02-27 03:01:05.2', '2026-02-27 03:01:05.2');
INSERT INTO public."KpiDefinition" VALUES ('cmm4b27n5003eughvrosj6b29', 'ABC_AL_GROSS_MARGIN', 'ABC A&L Gross Margin %', 'ABC Apparel & Licensing Gross Margin %', 'cmm4b27if0003ughvpvx1s99y', 'F', 'PERCENTAGE', true, 0.33, 0.44, 4, '2026-02-27 03:01:05.201', '2026-02-27 03:01:05.201');
INSERT INTO public."KpiDefinition" VALUES ('cmm4b27n6003gughvz4uki331', 'AL_NET_SALES_PTUR', 'A&L Net Sales PTUR', 'Apparl. & Licens. Net Sales per Total Units Retailed (PTUR)', 'cmm4b27if0003ughvpvx1s99y', 'ZZZ', 'CURRENCY', true, NULL, NULL, 5, '2026-02-27 03:01:05.203', '2026-02-27 03:01:05.203');
INSERT INTO public."KpiDefinition" VALUES ('cmm4b27n8003iughvl8uuv0re', 'ABC_AL_NET_SALES_PNHMR', 'ABC A&L Net Sales PNHMR', 'ABC A&L Net Sales per New ABC MC Retailed (PNHMR)', 'cmm4b27if0003ughvpvx1s99y', 'ZZZ', 'CURRENCY', true, NULL, NULL, 6, '2026-02-27 03:01:05.204', '2026-02-27 03:01:05.204');
INSERT INTO public."KpiDefinition" VALUES ('cmm4b27na003kughvtyy1i2hl', 'ABC_AL_SEASONAL_SELLTHROUGH', 'ABC A&L Seasonal Sell-through %', 'ABC A&L Seasonal Product Sell-through %', 'cmm4b27if0003ughvpvx1s99y', 'F', 'PERCENTAGE', true, 0.65, 0.75, 7, '2026-02-27 03:01:05.206', '2026-02-27 03:01:05.206');
INSERT INTO public."KpiDefinition" VALUES ('cmm4b27nb003mughvg4zmeu51', 'ABC_AL_INVENTORY_TURNS', 'ABC A&L Inventory Turns', 'ABC A&L Inventory Turns', 'cmm4b27if0003ughvpvx1s99y', 'F', 'RATIO', true, 2.5, 3, 8, '2026-02-27 03:01:05.207', '2026-02-27 03:01:05.207');
INSERT INTO public."KpiDefinition" VALUES ('cmm4b27nc003oughvlc1zs9vi', 'ABC_AL_NONMOVING_INVENTORY', 'ABC A&L Non-Moving Inventory %', 'ABC A&L Non-Moving Inventory %', 'cmm4b27if0003ughvpvx1s99y', 'G', 'PERCENTAGE', false, 0.15, 0.2, 9, '2026-02-27 03:01:05.209', '2026-02-27 03:01:05.209');
INSERT INTO public."KpiDefinition" VALUES ('cmm4b27ne003qughvf8e49adv', 'SERVICE_NET_SALES', 'Total Service Net Sales $', 'Total Service Net Sales $', 'cmm4b27id0001ughvux91d5qf', 'ZZZ', 'CURRENCY', true, NULL, NULL, 1, '2026-02-27 03:01:05.211', '2026-02-27 03:01:05.211');
INSERT INTO public."KpiDefinition" VALUES ('cmm4b27ng003sughvdl8p4t6s', 'SERVICE_GROSS_MARGIN', 'Service Sales Gross Margin %', 'Service Sales Gross Margin %', 'cmm4b27id0001ughvux91d5qf', 'F', 'PERCENTAGE', true, 0.6, 0.64, 2, '2026-02-27 03:01:05.213', '2026-02-27 03:01:05.213');
INSERT INTO public."KpiDefinition" VALUES ('cmm4b27ni003uughvefovgmyo', 'SERVICE_LABOR_NET_SALES', 'Service Labour Net Sales $', 'Total Service Labour Net Sales $', 'cmm4b27id0001ughvux91d5qf', 'ZZZ', 'CURRENCY', true, NULL, NULL, 3, '2026-02-27 03:01:05.214', '2026-02-27 03:01:05.214');
INSERT INTO public."KpiDefinition" VALUES ('cmm4b27nj003wughv1bboa02h', 'SERVICE_LABOR_GROSS_MARGIN', 'Service Labour Gross Margin %', 'Service Labour Gross Margin %', 'cmm4b27id0001ughvux91d5qf', 'F', 'PERCENTAGE', true, 0.65, 0.75, 4, '2026-02-27 03:01:05.216', '2026-02-27 03:01:05.216');
INSERT INTO public."KpiDefinition" VALUES ('cmm4b27nl003yughvanpomdsg', 'LABOR_REVENUE_PTUR', 'Labor Revenue PTUR', 'Labor Revenue Per Total Units Retailed (PTUR)', 'cmm4b27id0001ughvux91d5qf', 'ZZZ', 'CURRENCY', true, NULL, NULL, 5, '2026-02-27 03:01:05.217', '2026-02-27 03:01:05.217');
INSERT INTO public."KpiDefinition" VALUES ('cmm4b27nm0040ughvzhb53p77', 'SERVICE_SALES_PTUR', 'Service Sales $ PTUR', 'Service Sales $ Per Total Units Retailed', 'cmm4b27id0001ughvux91d5qf', 'ZZZ', 'CURRENCY', true, NULL, NULL, 6, '2026-02-27 03:01:05.219', '2026-02-27 03:01:05.219');
INSERT INTO public."KpiDefinition" VALUES ('cmm4b27no0042ughvwb8orq28', 'SERVICE_PA_TO_LABOR_RATIO', 'Service P&A to Labour Hour Ratio', 'Service Parts & Accessories Dollars to Labour Hour Ratio', 'cmm4b27id0001ughvux91d5qf', 'ZZZ', 'CURRENCY', true, NULL, NULL, 7, '2026-02-27 03:01:05.22', '2026-02-27 03:01:05.22');
INSERT INTO public."KpiDefinition" VALUES ('cmm4b27np0044ughvul8m3t6s', 'PROFICIENCY', 'Proficiency (Profitability)', 'Proficiency (Profitability)', 'cmm4b27id0001ughvux91d5qf', 'F', 'PERCENTAGE', true, 0.7, 0.78, 8, '2026-02-27 03:01:05.222', '2026-02-27 03:01:05.222');
INSERT INTO public."KpiDefinition" VALUES ('cmm4b27nr0046ughvyfq3yvyy', 'EFFICIENCY', 'Efficiency', 'Efficiency', 'cmm4b27id0001ughvux91d5qf', 'F', 'PERCENTAGE', true, 0.92, 0.97, 9, '2026-02-27 03:01:05.223', '2026-02-27 03:01:05.223');
INSERT INTO public."KpiDefinition" VALUES ('cmm4b27nt0048ughv90hc9q9f', 'RO_PER_TECH_PER_DAY', 'RO per Tech per Day', 'Repair Orders (RO) per Tech per day', 'cmm4b27id0001ughvux91d5qf', 'ZZZ', 'NUMBER', true, NULL, NULL, 10, '2026-02-27 03:01:05.225', '2026-02-27 03:01:05.225');
INSERT INTO public."KpiDefinition" VALUES ('cmm4b27nv004aughv4en54kuu', 'SERVICE_LABOR_GP_CP', 'Service Labour GP CP %', 'Service Labour Gross profit CP %', 'cmm4b27id0001ughvux91d5qf', 'F', 'PERCENTAGE', true, 0.65, 0.72, 11, '2026-02-27 03:01:05.228', '2026-02-27 03:01:05.228');
INSERT INTO public."KpiDefinition" VALUES ('cmm4b27nx004cughv92jlqz81', 'SERVICE_LABOR_GP_INTERNAL', 'Service Labour GP Internal %', 'Service Labour Gross profit Internal PDI/Deal %', 'cmm4b27id0001ughvux91d5qf', 'ZZZ', 'PERCENTAGE', true, NULL, NULL, 12, '2026-02-27 03:01:05.23', '2026-02-27 03:01:05.23');
INSERT INTO public."KpiDefinition" VALUES ('cmm4b27nz004eughv16uwb733', 'SERVICE_LABOR_GP_WARRANTY', 'Service Labour GP Warranty %', 'Service Labour Gross profit Warranty %', 'cmm4b27id0001ughvux91d5qf', 'ZZZ', 'PERCENTAGE', true, NULL, NULL, 13, '2026-02-27 03:01:05.231', '2026-02-27 03:01:05.231');
INSERT INTO public."KpiDefinition" VALUES ('cmm4b27o1004gughv8yx675j7', 'EFFECTIVE_SELLING_RATE', 'Effective Selling Rate', 'Effective Selling Rate', 'cmm4b27id0001ughvux91d5qf', 'F', 'CURRENCY', true, 110, 145, 14, '2026-02-27 03:01:05.233', '2026-02-27 03:01:05.233');
INSERT INTO public."KpiDefinition" VALUES ('cmm4b27o3004iughv1xy83mlr', 'LABOR_SALES_PER_RO', 'Labour Sales per RO', 'Labour Sales per RO', 'cmm4b27id0001ughvux91d5qf', 'F', 'CURRENCY', true, 300, 330, 15, '2026-02-27 03:01:05.236', '2026-02-27 03:01:05.236');
INSERT INTO public."ReportTemplate" VALUES ('cmm4b27o7004kughvzq1bhyr1', 'DPS-01', 'DPS-07001-01', 'Overall Dealership Financial Performance Analysis', 'cmm4b27ix0004ughvejf77zfr', '{OVERALL_NET_SALES,OVERALL_GROSS_MARGIN,ABC_PRODUCT_GROSS_MARGIN,EMPLOYEE_WAGES_PCT,GM_ADMIN_WAGES_PCT,ADVERTISING_PER_UNIT,ADVERTISING_PCT_SALES,OPERATING_EXPENSES_PCT,NET_OPERATING_PROFIT,NET_OPERATING_PROFIT_PCT,NET_INCOME_AFTER_TAX,NET_INCOME_PCT,TOTAL_ABSORPTION,CXI_NPS,NEW_ABC_CONTRIBUTION_DAT,MARKET_SHARE_601CC,CURRENT_RATIO,DEBT_EQUITY_RATIO,DEBT_TNW_RATIO,ROA}', '2026-02-27 03:01:05.239', '2026-02-27 03:01:05.239');
INSERT INTO public."ReportTemplate" VALUES ('cmm4b27ob004mughv8eoj34bw', 'DPS-02', 'DPS-07001-02', 'New Vehicle Sales Performance Analysis', 'cmm4b27i50000ughv6uo4wb1b', '{NEW_ABC_UNITS_SOLD,NEW_ABC_NET_SALES,NEW_ABC_GROSS_MARGIN,NEW_ABC_AVG_SELLING_PRICE,ABC1_PERFORMANCE_REWARDS,NEW_OTHER_UNITS_SOLD,NEW_OTHER_NET_SALES,NEW_OTHER_GROSS_MARGIN}', '2026-02-27 03:01:05.243', '2026-02-27 03:01:05.243');
INSERT INTO public."ReportTemplate" VALUES ('cmm4b27od004oughvhlhyadlr', 'DPS-03', 'DPS-07001-03', 'Used Vehicle Sales Performance Analysis', 'cmm4b27j30006ughva683w8fz', '{USED_ABC_UNITS_SOLD,USED_ABC_NET_SALES,USED_ABC_GROSS_MARGIN,USED_ABC_AVG_SELLING_PRICE,NEW_USED_RATIO_ABC,USED_NONABC_UNITS_SOLD,USED_NONABC_NET_SALES,USED_NONABC_GROSS_MARGIN,TOTAL_USED_UNITS_SOLD,TOTAL_USED_NET_SALES,TOTAL_USED_GROSS_MARGIN}', '2026-02-27 03:01:05.246', '2026-02-27 03:01:05.246');
INSERT INTO public."ReportTemplate" VALUES ('cmm4b27of004qughvt3sxld7w', 'DPS-04', 'DPS-07001-04', 'Finance and Insurance Sales Performance Analysis', 'cmm4b27j20005ughvz0wbo2ry', '{FI_TOTAL_SALES,FI_GROSS_PROFIT_PTUR,ABCFS_FI_INCOME_PNUHMR,ABCFS_FI_GROSS_PROFIT_PNUHMR,ABCFS_ESP_PENETRATION,ABCFS_RETAIL_FINANCE_PENETRATION,LIFE_DISABILITY_PENETRATION}', '2026-02-27 03:01:05.248', '2026-02-27 03:01:05.248');
INSERT INTO public."ReportTemplate" VALUES ('cmm4b27oh004sughv7xzp9ex8', 'DPS-05', 'DPS-07001-05', 'Parts and Accessories Sales Performance Analysis', 'cmm4b27id0002ughv3o4b6ci0', '{PA_TOTAL_SALES,PA_GROSS_MARGIN,ABC_PA_TOTAL_SALES,ABC_PA_GROSS_MARGIN,PA_NET_SALES_PTUR,ABC_PA_NET_SALES_PNHMR,ABC_PA_INVENTORY_TURNS,ABC_PA_NONMOVING_INVENTORY}', '2026-02-27 03:01:05.249', '2026-02-27 03:01:05.249');
INSERT INTO public."ReportTemplate" VALUES ('cmm4b27oj004uughvno72eakb', 'DPS-06', 'DPS-07001-06', 'Apparel and Licensing Performance Analysis', 'cmm4b27if0003ughvpvx1s99y', '{AL_TOTAL_SALES,AL_GROSS_MARGIN,ABC_AL_TOTAL_SALES,ABC_AL_GROSS_MARGIN,AL_NET_SALES_PTUR,ABC_AL_NET_SALES_PNHMR,ABC_AL_SEASONAL_SELLTHROUGH,ABC_AL_INVENTORY_TURNS,ABC_AL_NONMOVING_INVENTORY}', '2026-02-27 03:01:05.251', '2026-02-27 03:01:05.251');
INSERT INTO public."ReportTemplate" VALUES ('cmm4b27ol004wughv9m22vaja', 'DPS-07', 'DPS-07001-07', 'Service Sales Performance Analysis', 'cmm4b27id0001ughvux91d5qf', '{SERVICE_NET_SALES,SERVICE_GROSS_MARGIN,SERVICE_LABOR_NET_SALES,SERVICE_LABOR_GROSS_MARGIN,LABOR_REVENUE_PTUR,SERVICE_SALES_PTUR,SERVICE_PA_TO_LABOR_RATIO,PROFICIENCY,EFFICIENCY,RO_PER_TECH_PER_DAY,SERVICE_LABOR_GP_CP,SERVICE_LABOR_GP_INTERNAL,SERVICE_LABOR_GP_WARRANTY,EFFECTIVE_SELLING_RATE,LABOR_SALES_PER_RO}', '2026-02-27 03:01:05.253', '2026-02-27 03:01:05.253');
INSERT INTO public."RulesetThresholdConfig" VALUES ('threshold-A', 'A', '{"great": 1.2, "acceptable": 1.1, "substandard": 0.93}', true, 1, '2026-02-27 03:01:05.073', '2026-02-27 03:01:05.073');
INSERT INTO public."RulesetThresholdConfig" VALUES ('threshold-C', 'C', '{"good": 1.15, "poor": 0.9, "weak": 0.95, "acceptable": 1.05}', true, 1, '2026-02-27 03:01:05.074', '2026-02-27 03:01:05.074');
INSERT INTO public."RulesetThresholdConfig" VALUES ('threshold-B', 'B', '{"good": 0.95, "weak": 1.15, "acceptable": 1.05, "exceptional": 0.9}', true, 1, '2026-02-27 03:01:05.073', '2026-02-27 03:01:05.073');
INSERT INTO public."RulesetThresholdConfig" VALUES ('threshold-D', 'D', '{"good": 2.8, "weak": 1, "acceptable": 2, "substandard_low": 0.7}', true, 1, '2026-02-27 03:01:05.073', '2026-02-27 03:01:05.073');
INSERT INTO public."RulesetThresholdConfig" VALUES ('threshold-E', 'E', '{"acceptable": 1.2, "substandard": 0.9}', true, 1, '2026-02-27 03:01:05.073', '2026-02-27 03:01:05.073');
